longitude,latitude,icon
120.99398615274289,14.571605037510983,power
120.99665902209956,14.569313984159793,support
120.99681480786239,14.568426844854079,power
120.9986093759528,14.571367619387395,heart
120.99826367266924,14.570313738504117,home
120.99949641648024,14.569959202459373,briefcase
120.96556884935482,14.612620740155643,power
120.99738993618793,14.573135989877835,briefcase
120.99714162044437,14.571096623464324,briefcase
120.99797799959468,14.569355414217917,heart
120.99647770730438,14.570670253751302,support
120.99610799691031,14.569984382441167,briefcase
120.99735725583689,14.564835964585688,heart
120.99839752832808,14.565714846256865,briefcase
120.99920119547222,14.566351819930524,heart
121.00028536228605,14.567181019771757,power
121.00012993616413,14.568503670265335,support
120.99937330211215,14.577027014090643,briefcase
121.0004159732426,14.577715217320321,home
120.99875986772953,14.576698455225795,heart
121.00004209164908,14.577270176536295,support
120.99855083137689,14.575652675174549,briefcase
120.99758061557002,14.57570019348804,support
120.96837757690761,14.608377810859782,support
120.9637068124836,14.614198883648397,home
120.99661551796997,14.576319541428756,briefcase
121.00054351453768,14.575586675768326,heart
120.9999100453689,14.574873609104138,heart
120.99883588750328,14.573833810306883,heart
121.00188343253399,14.574369731582026,heart
121.00119958337218,14.573677900404693,heart
121.000451598536,14.572880042665336,heart
120.99956503509782,14.571879169102964,support
120.99698363907572,14.578723900872065,home
120.9978711888001,14.578402632357808,power
120.96468198207991,14.614682359645204,power
120.99887609246241,14.589688521295807,support
120.99961985551505,14.590204383235077,support
121.00113588464991,14.591745996092262,support
121.00104204254532,14.592916343137134,heart
120.99822077329065,14.585503447716448,home
120.96343772104012,14.616399438881151,power
120.99912491443989,14.586392532931145,support
120.99981240391035,14.585053357489924,home
120.99939032247637,14.584599630429354,home
120.99896674672003,14.58410925412836,support
121.00031248064687,14.58648382767706,home
121.00008216970362,14.588872634855734,power
121.00133182659685,14.587080901864834,briefcase
121.00082078607394,14.589506288933187,home
121.00174557488843,14.58796876532499,heart
120.96755332673364,14.616227222581315,support
121.00463253877402,14.590430117324065,home
121.00446700197047,14.59158932611211,heart
121.00304010089154,14.58928103682482,support
120.99568618752022,14.61329589062479,power
120.99608303421354,14.613800097879048,briefcase
120.99726516752072,14.6134607837679,briefcase
120.99630158656082,14.614779434359445,support
120.99870784901007,14.614188695225796,support
120.99711314625,14.615494424369416,briefcase
120.99744983821878,14.614548945775288,briefcase
120.97053572416114,14.614702029504803,power
120.99816825983498,14.616451128691338,power
120.99934776380452,14.615489301378146,support
120.9982591678788,14.613053970998005,power
120.99935567942275,14.613289086046947,home
120.99981122649308,14.612373944932317,power
120.9987263457928,14.612078005140548,briefcase
121.00093799404586,14.613146214327157,briefcase
121.00054945699598,14.61431406874285,power
121.00154480302692,14.614148572514031,briefcase
121.00047432850104,14.611214755245744,support
120.97079236776898,14.616205973866663,power
120.99365758606734,14.575201779241647,support
120.99306106147951,14.574157602521536,power
120.96918381304046,14.660079586798682,home
120.96725011583534,14.654675299626259,home
120.99269366921678,14.653470453617867,home
120.99007927665745,14.650748508800662,briefcase
120.98970244453818,14.649474851564761,support
120.98660455096913,14.649158241679773,support
120.9851256078725,14.64921543435436,power
120.99002599176987,14.648035183025028,home
120.98071884320414,14.650068378184978,support
120.98220879213157,14.650014725931511,home
120.98366798569289,14.649981027121036,power
120.98215947661606,14.647849780220374,power
120.96679489515199,14.65325164024902,power
120.98072664565855,14.646393207594294,briefcase
120.98220730499631,14.646406769168479,home
120.98365015622687,14.646369871286888,briefcase
120.9807462379571,14.644947289943358,briefcase
120.98179739175784,14.644976070214835,heart
120.98271052157746,14.644968890413258,home
120.98380032277699,14.644933366689674,power
120.9810661104903,14.643522125796713,home
120.98377454145631,14.640951447604463,heart
120.98103279885098,14.64207156617286,home
120.96573139728356,14.653512542783911,heart
120.98073055283473,14.64027000301361,heart
120.98582486469864,14.646306644138399,support
120.988743470726,14.646170921705247,home
120.98504772747414,14.644889042402959,home
120.98650665912089,14.644860386847313,power
120.98852906697986,14.644811673478475,support
120.98818168032219,14.643245342020654,power
120.98722172850259,14.641148631482945,home
120.98658332781328,14.63955702983158,heart
120.98615964691089,14.638440141156828,power
120.96843261717729,14.651692913488253,power
120.98585280799014,14.637413458066419,briefcase
120.9882775689916,14.637232100699402,home
120.98764897336135,14.663251923247987,home
120.98935765791323,14.662635004572198,briefcase
120.98749616014871,14.659593359018308,home
120.989141766196,14.659522165265393,home
120.99155306846649,14.658304996750987,briefcase
120.991633032147,14.660598539272895,home
120.99403466304275,14.659385782415285,heart
120.99612448924769,14.659329275471782,briefcase
120.96633453253621,14.651372294552095,support
120.99256257539167,14.662624332880277,support
120.99576323159829,14.662472297404193,heart
120.9895381933316,14.66457192026051,home
120.99037865212001,14.663259577417131,power
120.9915152393579,14.663831886660246,home
120.99108502003278,14.665536810277152,briefcase
120.99300941914473,14.66456262336259,heart
120.99468992572149,14.663931916914994,power
120.99270316112221,14.665713159026344,heart
120.99323075859755,14.667075573289273,briefcase
120.96982283584354,14.649643596099157,briefcase
120.99463052270418,14.665976097665412,heart
120.99658402634824,14.664426311447397,home
120.995353837892,14.667864072147646,home
120.99624938844745,14.666721813507921,heart
120.99716165642796,14.665704973635275,briefcase
120.99729630898229,14.667949462148075,heart
120.99862711928378,14.666468201757931,home
120.99912279795264,14.66889546670178,support
121.00154146060729,14.671226518485598,home
121.00677289316624,14.674705256972935,support
120.96722167772376,14.649893532796018,home
121.00239553179003,14.680949209222767,home
121.00109910251601,14.675857363256554,briefcase
121.00645423786517,14.681879864766577,home
121.01248419231499,14.679767030460727,support
121.01819765017476,14.686669634513464,heart
121.01343012665654,14.712995450835638,power
121.02216272668916,14.71971360214607,power
121.01388838284068,14.731159228186437,briefcase
121.03675016796372,14.741542078625104,support
121.02839162053283,14.730221689349882,power
120.97094239046004,14.648520721827103,power
121.0440916189846,14.735339387340156,support
121.02266574708332,14.746453693310947,support
121.05054008359038,14.742104853032911,home
121.04922698522444,14.75158934529738,briefcase
121.06022052505007,14.754796629843787,support
121.04696181661006,14.761181176784202,briefcase
121.05300756775517,14.772609138080744,power
121.05825715269843,14.743652753852013,home
121.07024299761889,14.744649295080219,power
121.08374928747133,14.746183487062643,briefcase
120.96771027018896,14.64844794529363,power
121.08330747704196,14.751960842481429,power
121.09262853131595,14.7587118738024,power
121.0980873712394,14.754395002401907,power
121.08936121757768,14.751828874191155,briefcase
121.08983299205433,14.754770096138895,support
121.08571595590043,14.757467963958165,home
121.06859431639114,14.765742246865187,briefcase
121.07668531678257,14.752037151731821,support
121.07466093706797,14.757244391891566,power
120.97130339519346,14.646346254357416,support
120.9676858285562,14.661069171366266,briefcase
120.96886028273036,14.647413930779061,briefcase
120.97205321534757,14.644134375229106,support
120.96967721016611,14.645151831707807,power
120.97103366729392,14.642724558102408,home
120.96958187955578,14.64266309168082,power
120.97281726746881,14.641214438611936,heart
120.9713593720387,14.64053618664483,support
120.96967400750624,14.640644824029883,home
120.96752412203342,14.641961765256164,heart
120.97302201516035,14.638959008282391,home
120.96799555756459,14.659123426411103,heart
120.97098227925864,14.638210049579445,heart
120.96786113701964,14.639747473248294,briefcase
120.97299545063379,14.63739434710264,briefcase
120.97223544786463,14.635594835910444,heart
120.96820070888744,14.635558633397377,home
120.967932105033,14.638049400459089,briefcase
120.97500721136124,14.635491733471424,heart
120.97449578504586,14.63785278425222,heart
120.97555800558122,14.638965253377307,briefcase
120.97901276133,14.637160206444891,power
120.96598367923654,14.659116108477885,support
120.97884928829171,14.638085133583825,power
120.9786272688314,14.63921555836423,home
120.97685627430215,14.639208093890742,power
120.9746691677101,14.640569545284146,heart
120.97667677223055,14.640645894533256,power
120.97883358008477,14.640648954764709,power
120.97444307377951,14.642071102718809,support
120.97667791209116,14.642094723232708,support
120.97884440313256,14.642090418828799,home
120.97359072266872,14.644312230218427,support
120.96874129954854,14.656633629326526,power
120.97536218568743,14.643578431506139,home
120.97817227285911,14.643541586243503,power
120.97330095571174,14.646464791963279,heart
120.97516422235122,14.645587646425446,power
120.9778703617895,14.64643980435202,support
120.97815374294949,14.64497156730261,heart
120.9730433473645,14.647953438416959,home
120.97559104079451,14.647963476988966,briefcase
120.97848848926576,14.647938583007525,briefcase
120.97241376902332,14.649463996630708,support
120.96642917976746,14.657726475455814,heart
120.97447769168669,14.65020726420988,power
120.97774314949189,14.64941520491455,support
120.97774235358412,14.650887071636186,power
120.97238125749439,14.650904474665948,heart
120.97153099179131,14.652293896038822,support
120.97274833747146,14.652586926867631,support
120.97443128047185,14.652494647671903,support
120.97681239569759,14.652734194478716,home
120.9789976635403,14.65272437934737,support
120.97365411793156,14.654359501186512,heart
120.9665350131546,14.656358424167669,home
120.97526569686887,14.65450747471757,power
120.97835692105652,14.654606379638317,home
120.97802167518361,14.655662497088125,briefcase
120.97144732384943,14.655546395735042,support
120.97399273852383,14.656660557738038,power
120.97679147828865,14.656408803159357,home
120.97922752168014,14.65666555907692,support
120.9770556737885,14.658257872113548,support
120.97939922218394,14.659251257282788,heart
120.97708571826755,14.660446147835962,briefcase
120.96448368123345,14.656639910173771,briefcase
120.9725961065044,14.660043703536491,power
120.98096943466768,14.659393869591392,heart
120.9860374300818,14.66277998914083,support
120.98500905877113,14.660088428689876,home
120.98612232741561,14.659207423119211,support
120.98311224288757,14.659756236547148,home
120.98248977710443,14.656638593729026,briefcase
120.98689280718217,14.656495730443062,power
120.98221356629439,14.655180969205345,briefcase
120.98568901911511,14.654272319501878,home
120.96961052921773,14.6534838886804,briefcase
120.98229949375744,14.653654049546168,power
120.98260693808018,14.652187132484064,support
120.98770949866163,14.653816504200172,home
120.98708538271171,14.652023640872422,power
120.99055263250102,14.656317266235959,briefcase
120.99390350431267,14.656508661665473,home
120.9898767781268,14.654738040264853,home
120.98962760133614,14.65246116104504,home
120.99083547575523,14.652273004065254,support
120.99475680455578,14.655009386198648,briefcase
121.0082394851679,14.408900817080028,briefcase
121.01440065434653,14.432835146494295,heart
121.00497649692211,14.45008365957453,home
120.9813867127606,14.48187949746839,heart
120.97682258799993,14.478852620674173,briefcase
120.97928646174601,14.480423469948807,briefcase
120.99356069122776,14.467719410926925,briefcase
120.98560459497038,14.482295156070059,power
120.97549290422407,14.487551712461697,power
120.97428845889375,14.448248906482814,heart
120.98275918396888,14.455140832967956,briefcase
120.97007824216205,14.458690160930862,power
121.00669552566308,14.42099187532951,support
120.988818582738,14.462035266071375,support
120.97609339372306,14.472782880535398,briefcase
120.98668420649565,14.437517195234125,briefcase
121.00063248232058,14.43651121913642,support
120.99731366654345,14.422878458927878,heart
121.00206296598283,14.444864085048076,heart
120.98665170920754,14.446790671126404,home
120.97510388328267,14.46535186824343,briefcase
121.01231280915506,14.546485285701047,briefcase
121.02581321981965,14.562262425375417,power
121.01645621524877,14.5767618940494,power
121.04937327475294,14.566540226348534,power
121.0642670053378,14.550044975359016,support
121.02696560452321,14.542505507438635,support
121.06128611570902,14.554720819434227,support
121.03617016648333,14.547759995780053,heart
121.04470778241082,14.563314580540567,briefcase
121.03861415545902,14.566402138488755,briefcase
121.0128166146254,14.57803884736626,power
121.00709344882026,14.569915327453838,heart
121.0174003139967,14.537274913499568,power
121.01817772732947,14.573226456550351,home
121.00112905473205,14.5616736633206,heart
121.05970024945927,14.545868534609413,support
121.0391002709237,14.559141418992425,heart
121.00915049439766,14.555763869225618,heart
121.04328971547822,14.558445630081717,support
121.02779880696303,14.56853802109459,home
121.04938914323816,14.55182701968227,heart
121.04404184247963,14.53086730133677,heart
121.0076742238732,14.565009399231343,home
121.00415779200712,14.555811414112892,heart
121.0183731916612,14.55369999423688,support
121.01622686125356,14.567864492095275,power
121.00861675498474,14.5736734238409,home
121.04970909654709,14.560511903331172,heart
121.01149628886475,14.573312359139724,support
121.02793719828162,14.55744011291902,support
121.02235760805668,14.572192445364037,briefcase
121.05831904898464,14.56236318338587,heart
120.96580441256337,14.669107805023318,briefcase
120.94299796828271,14.672788671684103,home
120.9410410909321,14.677395264779136,power
120.95515632279593,14.670682907899968,power
120.94566290220965,14.668567358775373,heart
120.93360644523302,14.692602935648162,power
120.93877942488444,14.675788830718057,power
120.93639567317877,14.681947814976514,power
120.94662445056296,14.66423657643169,power
120.9566714195387,14.653393307076552,briefcase
120.94436960350573,14.678190683995416,home
120.95119797116057,14.667051659756044,home
120.9562692820466,14.680925589901303,briefcase
120.98173661952873,14.66921421219427,support
120.94839510817803,14.659702983275698,home
120.95028103468135,14.65442966904419,home
120.96333372513762,14.674702499673694,briefcase
120.95674824741441,14.662368291228518,home
120.96483512386673,14.664083120016944,briefcase
121.03743237350713,14.586218779650691,support
121.02880248674218,14.592629147230763,home
121.03582449563486,14.573336185905871,heart
121.03732079888144,14.571396306052558,power
121.04552242884085,14.572719277580477,support
121.04013085025056,14.572249022827506,heart
121.052354784503,14.574868603309707,briefcase
121.02501783001713,14.590580706690655,power
121.02532787322698,14.594344904824554,heart
121.02845240892516,14.58929560997366,home
121.03205633297674,14.58966072513027,support
121.02533458021901,14.591785585367438,briefcase
121.04841509950536,14.580720848071163,home
121.02987541908605,14.572325026170564,heart
121.01944030846927,14.586348222852797,home
121.04251398981708,14.57643008660672,power
121.0436223619372,14.581387073006232,heart
121.0180690038655,14.58148278915003,power
121.02625100558178,14.584664728193701,support
121.02261366121644,14.583800449447683,briefcase
121.02271739738622,14.590791223354623,home
121.0318689233162,14.577875506206494,support
121.03945088052947,14.588739653980458,heart
121.02438795450531,14.588020863569625,power
121.02728487366056,14.582205554562847,heart
121.02266148110226,14.57924830024282,home
121.0511628502383,14.592055766906206,support
120.96564280697476,14.60383024162641,power
120.96864536545927,14.606056530172138,heart
120.95920127398954,14.621977398192916,power
120.95907805652577,14.625039261164806,power
120.9605867928436,14.621816948199024,heart
120.96072234128982,14.620468794701894,power
120.96136521834788,14.619169528266223,support
120.95911513306206,14.619808490012442,briefcase
120.95888927579979,14.623636293538382,support
120.95995249589103,14.617780363818733,support
120.96222631950975,14.617736761404807,support
120.96281385324204,14.616279500599378,briefcase
120.9652206696591,14.60139874801368,power
120.95944835524602,14.61580239341538,briefcase
120.96219253159576,14.616115717010649,heart
120.96095364356201,14.615996090730823,support
120.96108302934888,14.614376222702003,support
120.96278575531922,14.614698060771248,heart
120.96017119411829,14.612269145445381,power
120.96175831366047,14.612930450244587,power
120.96431513178219,14.600282774168058,support
120.96233277197791,14.61109037096257,power
120.96221078107506,14.611872479292675,support
120.96233435960997,14.614157544903309,home
120.96107515053886,14.61096287359431,briefcase
120.96061241457186,14.628701587300858,support
120.96310806052932,14.63227140845856,briefcase
120.9618429783783,14.6327899979985,briefcase
120.96252544588582,14.633390414749853,power
120.96091849931904,14.628469736986721,briefcase
120.96491064783092,14.602639587346827,home
120.96157683084857,14.627632954647808,support
120.96331835231881,14.629668305948082,power
120.9641877816544,14.627012304777256,briefcase
120.96268031006358,14.625913152217166,support
120.96330132523964,14.628009894365608,power
120.96646065649786,14.6328322283419,heart
120.96629687024013,14.630079038692092,heart
120.96548793571048,14.628403962666441,home
120.96374560709998,14.631536976262241,heart
120.96554725337616,14.62974778727759,heart
120.96521979864906,14.601986608026406,home
120.9645444888065,14.629778712341887,power
120.96513438250415,14.63063511775416,support
120.96436319847689,14.632173291214531,power
120.96738398057818,14.63067068117706,support
120.96759816756551,14.629805366632732,support
120.96692176977817,14.631562688215306,home
120.96511120012646,14.632513239820003,support
120.96612037990816,14.621802648059619,home
120.9672597432943,14.623306583310171,home
120.96855338043389,14.62044655185947,power
120.96404928077087,14.602309531345151,power
120.96747919898135,14.619083914094645,support
120.96833347303921,14.618383945221032,power
120.97160745810373,14.62148696833929,briefcase
120.9703324957688,14.621562623335958,home
120.96957406133302,14.618243618743232,power
120.9715626960944,14.620543496161588,heart
120.9711024873286,14.617598015104411,heart
120.97056779907936,14.618368874118389,support
120.97001579203297,14.620175469174693,briefcase
120.97144498314083,14.618883044240851,support
120.96399566713069,14.601299928569999,support
120.9714428178822,14.619708595409387,briefcase
120.97194033452325,14.627347898466065,support
120.97169659136179,14.626256443720255,power
120.97133908271923,14.623098189282562,briefcase
120.97154209959135,14.62457606179277,support
120.9717411473099,14.625384403795051,home
120.96957364976393,14.625171852168126,heart
120.96935367180957,14.62391533662545,briefcase
120.96779538557497,14.625316132332797,briefcase
120.96754604597723,14.62410618941135,home
120.96323000696205,14.601243475264779,power
120.96673106756951,14.626052897012725,support
120.96599256834214,14.62497303186529,heart
120.96555544401348,14.626654877337348,support
120.96999243870621,14.627504444540918,home
120.96977665046887,14.626376596080927,power
120.96809743604456,14.628089483192586,power
120.96749371022277,14.62717110985854,power
120.96855582293442,14.633204384595025,home
120.97106378108882,14.633065080224197,home
120.97060720390785,14.628904554530868,home
120.96316447253457,14.599907344694175,support
120.96902543280538,14.629121294196299,heart
120.97043398473063,14.63005443308728,home
120.96851403888706,14.631440318537146,power
120.97048483907415,14.63114705062547,briefcase
120.97247194011759,14.63326686564127,power
120.97204872684674,14.628730500321469,support
120.97216688408834,14.630863433901466,support
120.9780608745886,14.634970405280779,home
120.9769620109384,14.635083300345011,briefcase
120.97766248101978,14.636088130554423,home
120.96250442451249,14.601158743054905,support
120.97662728597047,14.636859351524498,heart
120.97811520798531,14.63683043077611,home
120.97692578497418,14.63776561700773,support
120.9766509530035,14.633756969464397,heart
120.97577534341136,14.63435639125057,heart
120.97581623132956,14.633726297239438,support
120.98147462606573,14.633391955632957,home
120.97748766426076,14.63337190944511,heart
120.97360889734509,14.630563832028342,heart
120.9741639828216,14.633252175215707,power
120.96593575645868,14.604907322347303,support
120.95354993626651,14.604806375398697,briefcase
120.97338591809903,14.633082065823091,briefcase
120.9757501042253,14.630929572370414,power
120.97708695944125,14.632250209276007,home
120.97557654497496,14.6327238147863,power
120.97382227180785,14.628577470387576,support
120.97378451704283,14.626951811746242,support
120.97544666231467,14.629412788200003,heart
120.97746054381385,14.629152633936247,home
120.97536774974203,14.627641478855097,home
120.97790596903296,14.628006872753204,support
120.97868517296295,14.624182176844958,power
120.9793603977556,14.626196679852624,support
120.97822879662317,14.626101914019056,briefcase
120.9765857633401,14.625795746958527,briefcase
120.97402662560476,14.624418488409274,heart
120.97330848116202,14.625599384803845,home
120.97511008946422,14.625768380325113,briefcase
120.9751406474801,14.623983001190739,power
120.97338995300467,14.623334351448873,support
120.97328709968848,14.622205106369249,power
120.97603051928036,14.62381041967757,support
120.9775048230362,14.623548780127116,briefcase
120.97284938237499,14.620014035886937,power
120.97322737014325,14.618727021328459,power
120.97568770307653,14.61974079083559,power
120.97591930428509,14.621401942578698,power
120.97577342492586,14.617639812701288,home
120.97663958128739,14.616934675041827,support
120.97458802135878,14.621464387851791,support
120.97337265581265,14.621311383150994,power
120.97450396867322,14.617694597597804,support
120.97381844298253,14.617790722711604,heart
120.97419541214808,14.61986822618973,heart
120.97229240705954,14.61880169161585,heart
120.97255038148776,14.617435525696486,home
120.97366383152439,14.616082945960256,support
120.97415936039933,14.614913978711574,briefcase
120.97346987180713,14.615464835769352,support
120.97324247189518,14.614470610224918,heart
120.97331459724774,14.608687049425882,power
120.97345316690017,14.613048643186168,power
120.97241425669891,14.607338122529594,home
120.97236360363088,14.612049937983691,power
120.97266231149527,14.611201087524401,home
120.97274861207421,14.608861078916387,briefcase
120.97323802404028,14.61122960903306,briefcase
120.97196212826842,14.608563927996741,briefcase
120.97364831818672,14.611145544200408,home
120.97184263367997,14.60715432898211,power
120.9723520891177,14.60958152715543,power
120.97507125537,14.615644932024848,briefcase
120.96439682740956,14.603456100536825,support
120.9760462721432,14.615400246062011,power
120.97550176973276,14.614040175641025,home
120.97480121975832,14.61420181442519,home
120.97454767629222,14.612818964638894,briefcase
120.97485014145364,14.61164584876914,support
120.97661086043313,14.6137092212436,power
120.97522531058696,14.617647620545839,home
120.97609610364366,14.611878326697882,support
120.97602145118816,14.613936544127126,support
120.97389846438428,14.607277472748454,home
120.96402378177625,14.604653233741619,heart
120.97593506842175,14.606410086305216,support
120.97758243487245,14.609773198802332,support
120.9753788924427,14.60943147985481,home
120.97680245257105,14.608159936259565,heart
120.9766968589208,14.610369664650149,heart
120.97722440042864,14.611580401763751,power
120.975160900622,14.607006712037043,power
120.97708277628348,14.612564934102082,heart
120.96946528908107,14.604050857105547,support
120.96824889398869,14.603521098526546,support
120.96694024103999,14.60173571743114,briefcase
120.96839519473927,14.601786151021003,heart
120.96688273284127,14.599838836104391,briefcase
120.96683313589017,14.599162722411037,home
120.96552780651047,14.600507505962808,briefcase
120.95299958957006,14.597907432575509,briefcase
120.96621140744128,14.600672681079363,power
120.9622842090253,14.60312927012743,home
120.97002448405951,14.60001073060454,briefcase
120.97152457008976,14.597468976662137,support
120.96574847114026,14.61408902957946,briefcase
120.99883374607542,14.567830389431075,power
120.99763756751035,14.567222823725483,power
120.99650820573528,14.566640369968702,briefcase
121.00270947662327,14.570378867350822,briefcase
121.00161711756022,14.569214292747395,support
121.00364897991429,14.571345080838697,briefcase
121.00450772782793,14.572138424942748,support
121.00273519840974,14.572818055432432,power
121.00148217150868,14.571517764606208,support
121.00058480310351,14.570553002245806,heart
120.96594717316907,14.614983457112073,home
121.006392576606,14.575286690166946,heart
121.0026721626985,14.57517923114469,briefcase
121.0045930864083,14.574687190999065,power
121.00508563368156,14.57539972433432,support
121.0045367695895,14.577053630677593,power
121.00458935560505,14.573468758938128,home
121.00698255802982,14.576725003864604,heart
121.00519649102962,14.577968388383708,home
121.0080767144769,14.575321889177236,heart
121.0059988075252,14.576599774286665,support
120.96688727183053,14.61365297700744,support
121.00732160565315,14.578463946136317,support
121.00620543141522,14.579220862016284,support
121.00817859444669,14.577517849516246,home
121.00893426290109,14.576765258332275,power
121.00142897467298,14.577615034300091,support
121.00196511348528,14.576675607832827,home
121.00121917023128,14.576291239972896,home
121.00156435494749,14.578270155638071,power
121.00107227535676,14.57934095247508,briefcase
121.00213715023334,14.579687965040502,support
120.96366418174902,14.614868013191563,power
121.0029949565588,14.578564022589342,briefcase
121.00398729501866,14.578861824934508,heart
121.00473110638909,14.580220738866306,briefcase
121.00494783661203,14.580976490582847,briefcase
120.96724486577361,14.597502872999232,power
120.96826275042261,14.598117853514362,power
120.96945620038952,14.59765642996207,briefcase
120.96597558313802,14.597277521402109,briefcase
120.97219320767725,14.599036420673423,heart
120.97219399845949,14.601218891376,heart
120.97392554014648,14.59924101770135,support
120.96156412130384,14.602862633536654,briefcase
120.97584298360762,14.599447454334156,briefcase
120.97596845840238,14.597636964406837,heart
120.97306506583725,14.603687579951087,home
120.97133734513964,14.604456790951115,support
120.9747951414947,14.604539587345398,heart
120.97493806179791,14.602516855027746,power
120.97399255363248,14.602526237671263,power
120.97536981147692,14.60123371567707,support
120.9770546563803,14.600695995903038,heart
120.97634746534959,14.603676947731502,support
120.96672241127354,14.605342669390623,power
120.95973440156462,14.603032254524301,heart
120.9760113103729,14.60215607271277,home
120.97737001212705,14.602731506657998,heart
120.97701591391828,14.601959736369443,heart
120.9788343209361,14.59983641925815,heart
120.97908812886199,14.602817875219623,support
120.97790772981874,14.602898572737129,support
120.9807459366558,14.599994540950139,home
120.9818448224147,14.602286815579777,heart
120.98042035315014,14.602377586704447,home
120.96296394856948,14.604179359012914,home
120.9814784437478,14.604768542678725,power
120.98208592027711,14.606888760949477,briefcase
120.98033531495248,14.60652722257997,support
120.9780145319257,14.604760601773048,heart
120.97807288845357,14.606008129860694,support
120.98146310558268,14.608631351845851,briefcase
120.98019494225551,14.608686174666472,heart
120.98257206227375,14.61131867608357,home
120.98198579447502,14.610170554557726,heart
120.98287473751377,14.609217018510106,support
120.96327079701288,14.603027350183549,heart
120.98076902227028,14.611422013614513,home
120.98025324394588,14.610263138996768,heart
120.98112091202191,14.610221902393747,heart
120.98261280388861,14.612356515790944,home
120.98119809901559,14.612436395029334,home
120.98034563194095,14.61248099915505,support
120.97841134800755,14.610322075027476,home
120.97820605132806,14.611955517868902,support
120.9783138456214,14.609235563292772,briefcase
120.97842791463994,14.607714349986068,power
120.96258218672483,14.605351892445976,power
120.97755557284107,14.607582768179565,heart
120.97701947071101,14.614979936254317,home
120.97929765640313,14.609201204826567,power
120.97935281189073,14.610309381938846,briefcase
120.97937235585214,14.612024713986052,briefcase
120.97923413678326,14.607668031760301,home
120.98090069279876,14.616047551621813,power
120.98083494523502,14.614773481452346,briefcase
120.98271121426517,14.614679479268798,briefcase
120.98081871634186,14.61355681441815,power
120.96189405877723,14.604973769168803,power
120.98267602722193,14.613461322060076,home
120.98265979239265,14.616017008361013,home
120.98437323213027,14.613915277488621,home
120.98507779587047,14.615611935022399,heart
120.98100661963745,14.617282790735876,power
120.98085421586168,14.61965101948728,power
120.98086743191807,14.618453315030191,support
120.98084509420418,14.620854439274702,power
120.9808089900768,14.621851790593194,home
120.98244545718127,14.621280458375816,home
120.96368539532635,14.605554720936947,briefcase
120.98238721093024,14.618326314905735,power
120.98509452577632,14.619741675829243,home
120.98474463718577,14.617083392953958,heart
120.97855303346522,14.617135819659138,home
120.97859095326551,14.618450391181845,home
120.97661606330686,14.618305618205229,home
120.97895566948633,14.62185038852177,heart
120.97922818359987,14.620874662294936,power
120.97921588543228,14.61966416129111,power
120.97736874433654,14.621915977702953,heart
120.9629688323207,14.606691275182836,heart
120.97789448933463,14.620873849203827,briefcase
120.9779053125268,14.619665416514907,support
120.97683345310328,14.620131149460937,briefcase
120.98083785099871,14.62337489109831,power
120.98281680258661,14.622927554863551,briefcase
120.9813516466545,14.622686673931371,heart
120.98060307551565,14.624420516881251,briefcase
120.98238685028244,14.624428452929411,heart
120.98533926234752,14.621529243192088,heart
120.98404159946182,14.622775536610586,home
120.96115518599878,14.605555681884379,home
120.9836951270663,14.62441246704427,heart
120.98524113679701,14.623052878166956,briefcase
120.98503380592594,14.624554913167922,heart
120.97990258679503,14.629829406015753,briefcase
120.97903668399522,14.630826048673963,home
120.98070789823318,14.628896022540742,briefcase
120.98588682926707,14.631453598376693,home
120.98233821132558,14.62744044936151,power
120.98153507888875,14.628109328785204,briefcase
120.98306693088826,14.625385109460286,power
120.96120316881992,14.60449825851255,home
120.98216718758069,14.625770854885294,home
120.98084466737892,14.62563696435108,power
120.9806168361912,14.627055091271346,home
120.98305135725731,14.597149131087448,power
120.9850483088755,14.596468503375117,briefcase
120.9873480660745,14.595532982758531,heart
120.9853172202264,14.597707688185748,power
120.98603350870282,14.598854976042235,support
120.98780387817355,14.59859547126063,power
120.95994035995449,14.605115325705183,briefcase
120.98671752759213,14.600733305684647,briefcase
120.98308792684061,14.601905383426724,briefcase
120.98452081217653,14.601893434999804,support
120.98387487729036,14.599531386882118,power
120.98266960597941,14.600257171113654,briefcase
120.98442658835417,14.60381282180012,briefcase
120.98616035543601,14.604976898928644,support
120.98756873517671,14.606609327729448,heart
120.9891641086216,14.605767936971745,power
120.9878109632825,14.605099442902661,briefcase
120.96575222910987,14.606976711781115,briefcase
120.98801430364868,14.604030045511738,briefcase
120.98943968994509,14.604350434320056,briefcase
120.98945017285303,14.602667241442433,home
120.98845758610501,14.602440362206114,power
120.98714846181787,14.602586564107405,support
120.99075494469594,14.60527990053828,home
120.99119133299446,14.606021321621029,support
120.99176944786123,14.604156746255255,heart
120.99265074687982,14.604578161900355,support
120.99443081904928,14.602741866723315,support
120.96168782569683,14.607224996751496,heart
120.99429305207181,14.60111185541763,heart
120.9942066853186,14.603593241220882,heart
120.99199509135089,14.601423166864434,briefcase
120.9923574391955,14.602304264523564,home
120.99233547692745,14.602949366500264,briefcase
120.99114420839832,14.603386938898627,heart
120.99012560633918,14.601827740079763,support
120.99699719530115,14.604562362390265,briefcase
120.9976948458079,14.603001144386525,home
120.99591469681549,14.603668331431264,support
120.96225293426005,14.607384181677496,power
120.99641159508883,14.602088868541399,briefcase
121.00012434368767,14.60479452984289,briefcase
120.99934048580731,14.606046443770307,power
120.99845671741394,14.605137705105342,support
120.99872103491495,14.60322246301742,support
121.0005145441513,14.603172987878535,support
121.00357269650888,14.602775664931633,power
121.0018099975682,14.603391888286978,power
121.00273753177595,14.60338592741693,heart
120.99306563249286,14.607349216457441,heart
120.9609238518498,14.607385025243927,briefcase
120.99170666316397,14.606512959152342,home
120.99225171658153,14.607020259627554,home
120.99429191004067,14.606728000647502,power
120.99314694593869,14.604853355724904,support
120.99305910896784,14.60598514813962,briefcase
120.99408071449982,14.60494016486403,heart
120.99622903680357,14.605308710670341,power
120.9975963619161,14.606393434938548,briefcase
120.99646846134748,14.607030020377858,home
120.99599476770528,14.60643082403196,briefcase
120.96003068337265,14.607282658804923,power
120.99596435583172,14.60853689986431,support
120.9949349535824,14.609550955523263,power
120.99552564544811,14.610094818212099,heart
120.99654638701004,14.609072456239916,home
120.99754496529931,14.608047628494367,power
120.99700301135252,14.607511579932982,briefcase
120.9985565667516,14.607196668265187,power
120.9944152617054,14.609052238408953,support
120.99528776003166,14.607018699719639,briefcase
120.99381894938384,14.60851073243856,home
120.96364530516387,14.607053929207957,briefcase
120.99406891827141,14.611772135276635,power
120.9936262635714,14.611356644171057,power
120.99246158181397,14.611252648674618,heart
120.9935255773328,14.610192974907115,home
120.99167187884797,14.610529309471438,power
120.99273513328971,14.609476380287507,power
120.99155155273284,14.609412510683839,power
120.99009374715958,14.607632176984094,briefcase
120.98984861402738,14.606648587510826,support
120.988769015574,14.607834271761613,home
120.96260333185616,14.60808218091217,support
120.99030735396533,14.608528780899416,briefcase
120.99121959226056,14.608736965796485,power
120.98471031262979,14.606040048848875,briefcase
120.98390970904742,14.607247616446156,support
120.98351297664269,14.605997012835767,heart
120.98493922238609,14.608224229059232,home
120.98381963772509,14.609283049839254,heart
120.98442724953526,14.607732655684895,briefcase
120.98548087582583,14.606702847964172,heart
120.98596558784799,14.607195762722151,heart
120.9634166610066,14.608409081765403,heart
120.98550007612596,14.612697076356891,support
120.98423167247351,14.611435021848523,support
120.99126949387174,14.614279100378079,power
120.99232495068617,14.613233080942607,briefcase
120.99011212824217,14.615168658580219,power
120.9912445559773,14.613212361739457,heart
120.99072601977953,14.61272819948258,support
120.98917278404515,14.61428071618875,heart
120.99002729394009,14.61228223796307,home
120.98942987617487,14.61135220601064,support
120.96938989318035,14.607608315181203,briefcase
120.98840435081426,14.61354656599956,support
120.98772166948481,14.61289622894431,support
120.9863574570618,14.617378096108263,support
120.98706658817491,14.618176761399871,home
120.9862421117083,14.619098496127164,home
120.98806672531244,14.617172886057375,briefcase
120.98725537625381,14.616387974813275,briefcase
120.98908845178961,14.61617548716217,support
120.98827215788293,14.615398535423923,power
120.98738802505015,14.614556111207866,power
120.96921669670296,14.606235514789386,home
120.98643868247467,14.614113879907158,support
120.98645887620386,14.61579319719746,heart
120.98699441279692,14.623780010592553,home
120.98631797755974,14.624759624306195,briefcase
120.9890812523602,14.622028174267156,heart
120.98799255973493,14.62293949979221,home
120.99056691472849,14.62144001792836,heart
120.98648991696186,14.62174058016705,home
120.98959744637519,14.620543528526664,power
120.98797098317988,14.619019915362516,support
120.96563680136984,14.60782309138587,power
120.97021383466848,14.612876637806766,home
120.98730526914267,14.620390420847121,power
120.9888159531761,14.619809933251389,briefcase
120.99393072163303,14.614738406005657,support
120.99309022951034,14.613947215243055,support
120.99288151067783,14.615778218310961,briefcase
120.99203470447934,14.614992494047483,support
120.99184938438347,14.616802936063484,briefcase
120.99100046238759,14.616010274055181,heart
120.99083072238527,14.617815487376653,briefcase
120.98996805250572,14.617009982116102,support
120.96994008841739,14.61063530916336,heart
120.98982641130124,14.618805538315085,heart
120.98897644996225,14.618007734671753,briefcase
120.9959015222071,14.617699951203624,home
120.99518973048961,14.616915904444209,heart
120.99161211806599,14.618540431255253,support
120.9932505562458,14.619365731580002,support
120.99192311950078,14.62074309479151,home
120.99484271656976,14.615582559629754,home
120.99085309626595,14.619769589783955,power
120.99365836071216,14.616516087328154,power
120.96934503016072,14.613800531040532,briefcase
120.99300854311723,14.617874220201422,heart
120.99403897849825,14.61275873096895,home
120.99514315735355,14.612360409604971,briefcase
121.00187480510084,14.612725887990353,support
121.00271824919751,14.612375698446145,heart
120.99727358160413,14.60972060807132,briefcase
120.99624607027995,14.610748831031058,heart
120.99640749398165,14.609958835089143,briefcase
120.9988025781342,14.609455627834446,home
120.99971084348468,14.608256055065196,home
120.99773143720711,14.611853940959882,briefcase
120.99675142559003,14.611351115485423,home
121.00010707657817,14.609951750530005,heart
120.96941815485711,14.616172916259726,home
120.99818400881875,14.60864578314725,support
120.99925810515862,14.607757392116484,briefcase
120.99993478475866,14.60915052404178,home
120.998279273103,14.610294927820785,power
120.99785395465585,14.61082254855972,heart
121.00474973090546,14.611652828686179,briefcase
121.00426133086903,14.611359968201603,briefcase
121.00407280035994,14.611061596412426,home
121.00376955117996,14.61087656160311,home
121.00358521432629,14.61057074819177,home
120.96853246454299,14.61029082083685,briefcase
121.00628620909497,14.610111651704148,power
121.00323788972499,14.610402290440431,briefcase
121.00314726829083,14.610030597276587,power
121.00273002554246,14.609681774514357,power
121.00216771161288,14.609327573550889,heart
121.00388704803235,14.607962706744457,heart
121.00486212490298,14.608388105248231,heart
121.00257482389918,14.608150831492525,home
121.0054841302539,14.609187221472128,home
121.00479520749803,14.605508262776883,support
120.96704825189586,14.610265866829103,support
121.00346851447026,14.603961587918084,power
121.00252162456657,14.605455165883876,briefcase
121.00339797413616,14.606463190743169,support
121.00064628476926,14.60727909492913,briefcase
121.0016500601218,14.606607945084061,home
121.00229785869695,14.607405538568855,heart
121.00055101714877,14.606245394575803,support
121.00110020319566,14.608165266691142,briefcase
121.00606654202738,14.604506385105635,briefcase
121.00626137320485,14.603409114627123,support
120.96851009338849,14.61228831394897,home
121.00404290400517,14.604742465119607,briefcase
121.00766874081508,14.605340529287803,support
121.00834701962697,14.608881204550231,heart
121.00761019199503,14.60788927101909,briefcase
121.01023163483012,14.60730215816877,power
121.0103825015936,14.605424794078857,heart
121.01230642979925,14.605301521765409,support
121.01253168861021,14.602627759642052,heart
121.01111577210135,14.601881237050298,home
121.01313932382233,14.601381928214444,home
121.0139077453461,14.599398761033871,support
120.96776389222966,14.61262858666708,support
121.01151209254458,14.59895270640634,support
121.01160620893853,14.599870785636014,support
121.009142257836,14.601183416080756,heart
121.00772301596844,14.602183517108108,power
121.01431048262752,14.603846854271564,heart
121.0154812596624,14.603052469830878,home
121.01451565396526,14.602159860023317,briefcase
121.0155088198247,14.601651114833313,briefcase
121.01728380083304,14.600298172221304,support
121.01490512445636,14.60017519063991,power
120.96549406633693,14.608730622355347,briefcase
120.96828728757485,14.614155007020544,heart
121.01725407960646,14.598699692028756,home
121.0188638957872,14.59846261523359,support
121.02112850689298,14.596876318539518,heart
121.0146265565804,14.597417909874936,briefcase
121.01922435694188,14.594991689628293,power
121.01740291257804,14.596287536358467,heart
121.02028830508651,14.59536779130826,briefcase
121.02241278345245,14.594393265437924,support
121.02012052701726,14.592451731551181,heart
121.01815092103904,14.592561999433666,home
120.96845439391147,14.61584433753322,support
121.0155754640462,14.594093221909459,home
121.01360352200513,14.596143196791362,briefcase
121.01812518158091,14.594869642381374,support
121.01747559358131,14.59417824661833,briefcase
121.0160271003658,14.594302487059528,heart
121.01466152210564,14.5964411805224,home
121.01571198605696,14.595413463348804,heart
121.01978957087275,14.593530239047066,support
121.02063025268549,14.592153972763406,power
120.96569622941537,14.610715089724758,heart
121.01796074393916,14.590945192081232,power
121.01629112043848,14.591968576887952,support
121.01669072028356,14.590443071754324,support
121.01637237033933,14.591494964878478,power
121.01493568229985,14.590280881753067,support
121.00238673563473,14.601621136501016,briefcase
121.00423467305895,14.601712335085391,home
121.00224946881158,14.600093654975963,briefcase
121.00383198765735,14.59885014715796,briefcase
120.96629121239427,14.611431792759397,briefcase
121.00093703408969,14.601432494248595,home
121.00003467407562,14.601335347414658,power
120.99951652175304,14.601168058981147,power
120.99780211437655,14.600912277470691,home
120.9989860683377,14.598841323589046,heart
120.99741046875799,14.59824906431962,home
120.99472385454584,14.600074405956947,briefcase
120.99124407078692,14.599810819525205,power
120.99325345083345,14.597613154744584,support
120.96568593558605,14.60968655676891,power
120.99511301185846,14.598742259065343,support
120.9895608802297,14.598390085911639,home
120.98962508532604,14.595622265473933,home
120.99179963812047,14.59550282859868,heart
120.98961794098183,14.593211864739693,support
120.9883608741678,14.593340637209376,support
120.98634124093986,14.593403874714328,home
120.98498370059521,14.594694751747099,heart
120.96075557313073,14.588564021361549,heart
120.96657578874827,14.61252026313664,power
120.96799132014088,14.590407814891126,home
120.96993986049173,14.58837495460496,heart
120.97129876251888,14.58672284261425,power
120.97478848653225,14.593144436284772,power
120.97256169526996,14.59135557845312,support
120.97165828501765,14.594028404245273,briefcase
120.97542953630341,14.58770944610421,support
120.97486623413849,14.58979577219495,heart
120.98112075203608,14.592956226073301,support
120.98144744202027,14.589489406895435,briefcase
120.96369061048118,14.612719136683562,support
120.98310069929519,14.585358831373062,support
120.98235658346879,14.58775842818289,heart
120.98578158190907,14.588982037920148,briefcase
120.9842497288983,14.590182366229689,briefcase
120.98877779432992,14.587321661905847,briefcase
120.98576080445395,14.586383376436977,power
120.97957206344729,14.582029843525357,home
120.97881051270684,14.579288707072305,power
120.98021598182746,14.576314724548068,briefcase
120.98348092503072,14.578036929160051,briefcase
120.96370190819054,14.613492849369292,briefcase
120.98195043681918,14.58114573837396,home
120.99107131536572,14.582913973195701,heart
120.99013113203767,14.584238129607773,briefcase
120.99024781552465,14.580934809510719,power
120.9872377447797,14.5832954591229,heart
120.98831440424038,14.578851187072114,support
120.98596882344168,14.580739996548466,support
120.9917623239336,14.58469588184018,briefcase
120.99357984662727,14.583807054501603,home
120.99228799285491,14.58096201424314,power
120.9636347682298,14.612214698551853,briefcase
120.99401687849934,14.581982289018699,power
120.9941525460838,14.580658970887644,heart
120.99606743668427,14.581691364629114,home
120.99359005155334,14.578924016519872,home
120.992688098707,14.578927625984331,home
120.9946911824464,14.579031130533531,support
120.9926661394547,14.577611769676537,power
120.99120888776487,14.578113967205127,briefcase
120.99226017758247,14.576119194203276,heart
120.99113364256097,14.57534583636811,briefcase
120.96344651312701,14.609753983363444,power
120.98993497914192,14.575332279583089,power
120.99073246913268,14.573999990874198,home
120.98986558188881,14.57320461768624,support
120.98896819313356,14.57477060253285,support
120.98823299316602,14.57663924871891,support
120.98994362556967,14.577534153657517,home
120.9869426481445,14.575135271740715,briefcase
120.98555396250487,14.57440791951393,power
120.98421240732945,14.57369912396836,briefcase
120.98239749256912,14.572756775523677,home
120.9675075326628,14.606125102400055,power
120.96383637370525,14.611329059091673,briefcase
120.98380011692313,14.570462694882655,support
120.9845652511991,14.568271846944237,support
120.98592148562105,14.571303253908948,power
120.98809138416581,14.572301196831289,briefcase
120.98651694253395,14.5692081097584,briefcase
120.9871900950232,14.569841312666002,power
120.98836432505065,14.57069165755204,heart
120.98898649366535,14.569582371885032,heart
120.99032874655504,14.568493385254344,heart
120.99058306939338,14.569561834495616,briefcase
120.96455960890675,14.610214366767122,briefcase
120.98874146658768,14.56881103936547,heart
120.98924437511745,14.568067055210411,briefcase
120.98971396533953,14.569438078958063,heart
120.98976927263585,14.56856762295122,home
120.9893861182844,14.570278534332465,briefcase
120.98943438241398,14.56749627084489,power
120.98994440934943,14.567885214517958,heart
120.99004342008068,14.568143861450324,home
120.99010177970342,14.567046435695488,power
120.99143342765382,14.565163261526378,home
120.96181242600034,14.609758729640697,power
120.98921801465077,14.566715547148835,support
120.9880941110919,14.56776669851487,briefcase
120.99223173037046,14.573440380437344,home
120.99124880922943,14.57261531655486,briefcase
120.99249380303677,14.571044927133945,power
120.99138391189501,14.569741244024126,heart
120.99347234577957,14.569029457522918,briefcase
120.99378399882052,14.567342865331089,briefcase
120.99458408452287,14.565764593095805,power
120.99435371557036,14.564204895005593,support
120.96260207397025,14.609759938420515,power
120.99603423392017,14.564653386217167,briefcase
120.99477141778921,14.572072168030974,heart
120.99565791520799,14.571378405797587,power
120.99528149762787,14.568917167748594,briefcase
120.99521300675131,14.578067128981871,heart
120.99556663451712,14.576610147403768,support
120.99448269517225,14.576490904747267,heart
120.99585936730043,14.575640282914087,briefcase
120.99599932401212,14.574519592539556,power
120.99593459030703,14.572826090006908,briefcase
120.9647430993385,14.612893944611072,power
120.99443733966817,14.574100268340022,heart
120.99452016629505,14.575483802433554,support
120.99740126981816,14.577309443541912,briefcase
120.99688992770433,14.57931753321722,power
121.00000786576297,14.579315546502867,heart
120.99876102331487,14.578992946487508,briefcase
120.99841896070399,14.581204855612631,heart
120.99785386968998,14.581754967523434,support
121.00023884840637,14.581954369394008,briefcase
120.99940171862298,14.580604277644515,briefcase
121.00208184987945,14.582863882988194,power
121.00124919281387,14.581249587978482,home
121.00186303749851,14.58182924882679,briefcase
120.96471862571433,14.615825279614409,support
121.00113482624921,14.582760379286723,support
120.99627356445,14.58419668810649,support
120.99717539705077,14.58506649353241,briefcase
120.99796450318597,14.584243051748693,briefcase
120.99677395629378,14.583221006037167,support
120.99809541646441,14.583146396081968,briefcase
120.99621177183425,14.586200019555069,briefcase
120.99411916501484,14.58585292358971,home
120.9957915005236,14.588153050941191,home
120.99296744106182,14.589421904805022,heart
120.9644850135425,14.617121392117735,briefcase
120.99530332653272,14.589249953982701,home
120.99844447226067,14.592606366977295,heart
121.0024671697463,14.594373850991596,heart
121.0051236333847,14.592815480113272,home
121.0101561955449,14.593005673054522,home
121.01087230958626,14.593616113603378,heart
121.01011255318026,14.59152008752873,power
120.96487981051223,14.616704590117827,support
121.00827374265646,14.592478966166606,home
120.99712103237805,14.587411590357211,briefcase
120.99827944009255,14.588050366921856,briefcase
120.99680036401962,14.58942179423839,home
120.99832804873313,14.589398668556203,briefcase
121.00217326938171,14.590486823422234,home
121.00222761921559,14.588121766436595,power
121.00606243855748,14.589322424141553,support
121.00451146663224,14.583724581451689,heart
121.00298636599096,14.585168009944923,support
121.00171897374844,14.58528919844995,home
121.00285395453301,14.581869889649882,briefcase
120.96628804472458,14.61653634575016,briefcase
121.00253302069702,14.584996071585138,support
121.00205513058654,14.583952050234796,home
121.00080290161017,14.584101298630792,power
121.00981152311128,14.581205875144082,support
121.00900301075806,14.57890785320055,power
121.00752314827974,14.58060637478107,briefcase
121.00891452708849,14.582609651497691,power
121.00683319503655,14.581506965417644,briefcase
121.00999814465902,14.57985750597007,home
121.01011729379529,14.58335751468623,briefcase
120.96716632265243,14.614640236872875,briefcase
121.00649082946002,14.58231314600104,home
121.01172871394634,14.579048521797974,support
121.01138630481911,14.580225454189634,support
121.01287053768927,14.581006765423947,home
121.01283249177871,14.582187692731539,power
121.01235890317658,14.583547784550571,power
121.01391660997017,14.584220202485433,briefcase
121.01536439174215,14.584071746726249,home
121.01632570287126,14.585878007160966,support
121.01141983548827,14.584994028865745,briefcase
120.96610284221744,14.615634966700142,heart
121.01355335398918,14.586282681450674,support
121.01575552543969,14.58728293095625,heart
121.01879860667106,14.588361853674295,support
121.02086810436089,14.591297181588205,support
121.01755665248302,14.589029043664102,briefcase
121.01862061917548,14.589753344803551,support
121.01202185849706,14.58911399555357,briefcase
121.0153951758037,14.588658807372779,home
121.01017571241034,14.588984191290878,heart
121.00926972710519,14.588382904459696,heart
120.96820080785626,14.607031999576721,home
120.96733867985213,14.61530054987763,power
121.01012719580838,14.586208979631607,heart
121.0085475750675,14.588171143982708,heart
121.0079954015155,14.587912931311903,support
121.00693296120109,14.58784843930046,briefcase
121.00904901189433,14.58668053146987,briefcase
121.00646714196824,14.585533527951448,support
120.96661207896754,14.617863927830781,heart
120.96475933758498,14.618176534185373,heart
120.96450793114198,14.619667324233468,home
120.9637353851753,14.622115706273895,power
120.96304925369994,14.61882217040288,heart
120.96208590535511,14.621756223217435,power
120.96249329835248,14.620585335755164,heart
120.96061038667065,14.626275600208444,support
120.96173113757142,14.623999753084217,briefcase
121.07995035251635,14.6347157664887,power
121.08579247010496,14.624374259714507,power
121.1173031174969,14.641220391663083,briefcase
121.09971024054403,14.653872676745966,power
121.07650507302368,14.624323453218544,support
121.08898798044682,14.633286858965093,power
121.0914184280196,14.647792133993912,heart
121.11801597208317,14.651858133127726,support
121.1059361359809,14.669704276965742,briefcase
121.11822600521725,14.661890462916778,briefcase
121.09756943226495,14.625780602315274,power
121.09740691119204,14.632237577163433,briefcase
121.09841737864014,14.638526508450447,home
121.08506684822206,14.635617165738948,home
121.04045432550866,14.418698752852245,heart
121.04597166338823,14.409307300875806,heart
121.03893226963787,14.435216434441404,briefcase
121.02174280448452,14.408092049291737,heart
121.02487660539902,14.382736033860917,support
121.03801965812681,14.398104149534163,briefcase
121.04961283783898,14.462400404258618,home
121.03137980197735,14.370422343200941,support
120.94812749109103,14.65097774639346,heart
120.94870206813977,14.649920721253805,support
120.94946805673122,14.646905012896125,power
120.93974008086795,14.667128391060766,home
120.96135658816485,14.647870681811643,support
120.94707006367963,14.652925214281156,heart
120.948354447249,14.64404378061418,support
120.95513475880617,14.639578449687487,heart
120.94283056022735,14.66209638427739,home
120.96198911643678,14.637368924279535,briefcase
120.93665736727075,14.670778194581239,home
120.94544723817842,14.656897429013998,power
120.932964672402,14.67323324556412,power
120.92716686831628,14.687429524450623,home
121.02270463973537,14.45121170495351,power
120.98884088638617,14.53084527421287,briefcase
121.02536405249991,14.4840736315093,home
120.99206773397059,14.507763020714679,support
120.997342955244,14.495964005750375,support
121.03903846282151,14.470338548023943,home
121.0267653009915,14.50046251117307,heart
121.00795827873185,14.489620785719392,heart
121.02790493262651,14.468126139482427,heart
121.01047873863092,14.469037410566242,briefcase
121.04270320884403,14.49760447114778,heart
120.99854498321234,14.504646085693773,heart
121.03365468844461,14.49162400959916,support
120.98720305993248,14.516332603273488,heart
121.00516959128805,14.510896569783727,home
120.98743165130873,14.559848890251624,home
120.99004880209026,14.554034018074246,support
121.00117255084538,14.544243139031332,briefcase
121.00103291913861,14.545601541459222,heart
121.00096862272376,14.546261966957715,home
121.00082518031697,14.547090200187924,briefcase
121.00246422487066,14.547237722819307,power
121.0007314943945,14.547837571060377,support
121.00063584057001,14.548390248655709,home
121.00038105537115,14.54937993176942,home
121.0019735881526,14.54960910628375,support
121.00227725078274,14.54863255821488,heart
120.99026747117924,14.553242422946747,support
121.0023821493886,14.548007431820128,heart
121.00255196228129,14.546377314976151,home
121.00259232863245,14.545684368245718,support
121.00232913486283,14.543818830935896,briefcase
121.00381266731358,14.54495581769581,support
121.00393862809045,14.543829920812964,briefcase
121.00315945457514,14.542827994186334,briefcase
121.00408781868728,14.542673277080027,briefcase
121.00271791898781,14.54137190640115,power
121.00367426440297,14.541324979602777,briefcase
120.99046479364979,14.552626221641956,power
121.00363083447635,14.550527495240267,power
121.00405438133332,14.549508660685177,home
121.00363308387952,14.548663719342946,power
121.0046007875369,14.548711270135582,support
121.00423528172489,14.547681546703691,briefcase
121.0043586064703,14.546562187715477,briefcase
121.00424011283809,14.54569460214655,heart
121.00467540163527,14.551180502894594,power
121.00574252186718,14.55121126387403,heart
121.00545294558765,14.549649346081,support
120.99119443631106,14.550087214954337,briefcase
121.00683145491469,14.54996006190088,home
121.00568775461278,14.548167788274945,support
121.00689777298484,14.54865336684331,heart
121.00580058580063,14.546261136382425,heart
121.0068980115036,14.547314320933092,home
121.00736008871029,14.545972374752221,power
121.00598253966908,14.544627291054706,support
121.00769734946417,14.544483051047996,support
121.00591575628354,14.543567232448192,support
121.00590920014903,14.54281281987406,power
120.99054087559423,14.560359803126302,support
121.0056806318639,14.542196836928392,heart
121.00506938228146,14.541536387024928,support
121.0046126711835,14.540763359731447,power
121.00692938461746,14.542204891250107,briefcase
121.00832453591023,14.541491101011236,power
120.99886340097932,14.535144012347198,heart
121.00000012530492,14.53845391829182,home
121.00173375715033,14.539118590464081,power
121.00207294880053,14.535943524781059,power
121.0029018070092,14.537278139064943,support
120.9901847758772,14.561185754362581,power
121.00289291266705,14.539254560886931,briefcase
121.00393527494364,14.539440258034663,heart
121.00559448401323,14.539881786678869,power
121.00428262262493,14.538676322696617,heart
121.00382899997419,14.537723294473992,briefcase
121.00354867618472,14.536719240999007,home
121.00368854815453,14.53586774246387,home
121.00513574191126,14.538108254493402,heart
121.00692036953279,14.539507916414808,support
121.00879650984677,14.540277738585198,power
120.99078283274967,14.559425783343997,support
121.00851931273849,14.539399297479068,home
121.00793860383631,14.538098510574649,power
121.00676160996277,14.537251561193857,home
121.00653265755653,14.536527544055518,power
121.00631759681909,14.53610917021069,power
121.00562736967082,14.535342500312618,heart
121.00937436363726,14.538541238686971,support
121.00827390709205,14.53562573314018,home
121.00737191862385,14.534405402549162,support
121.01110468911472,14.540373081713268,heart
120.99074329343857,14.55991236383474,heart
121.01099852861086,14.539304904959439,heart
121.01094187360283,14.538591422625586,home
121.01069184500558,14.537448240252068,home
121.01067371844482,14.536341191208574,power
121.01060254635861,14.535766777236605,briefcase
121.00966868464911,14.535335173870205,briefcase
121.01181442027638,14.533824305537408,power
121.00913015042995,14.533968884939984,home
121.00511015120975,14.533078647808717,briefcase
121.00677186793042,14.532745994707485,home
120.99051075112249,14.558227889419818,support
121.01253890560898,14.53168519509046,power
121.00985982547299,14.53226007923703,briefcase
121.00808092386968,14.533135156322327,heart
121.01938437519324,14.525470627360898,power
121.00697343230995,14.530881181227024,briefcase
121.01084520477991,14.52972560756613,power
121.0042244221155,14.534126233296375,support
121.00037319968358,14.536674507076663,home
121.00158614955534,14.53178269872116,power
121.00148962941613,14.536471028436313,home
120.99179382506954,14.558597381564446,heart
121.00071491011232,14.534336428764034,support
121.00085297744405,14.524040739486367,power
120.99902609010029,14.517300658829209,home
121.00137395996492,14.516196061762551,briefcase
121.00154417672093,14.513665515164517,power
121.00723432609757,14.517007795560545,support
121.00339043276963,14.513173664937334,home
121.00896439679855,14.513470158042173,briefcase
121.00261652975679,14.513427965636513,power
121.00016739495473,14.511783740872508,briefcase
120.98853287052636,14.560061853301022,support
120.99089760761335,14.557063290130078,briefcase
121.00049171850435,14.510499788289668,power
121.01488889081158,14.513741268434119,heart
120.99138631574054,14.556491150419092,power
120.99218084819658,14.55670285831959,briefcase
120.9922860642239,14.555515416151973,support
120.9918565325666,14.554511546073586,home
120.99232595506055,14.55323774201969,heart
120.99250626631269,14.55166255560645,home
120.9929584814743,14.550087461227946,heart
120.99329380831057,14.554288489719731,power
120.99363231664547,14.552390301259218,support
120.98841160553154,14.558688135665236,briefcase
120.99383570068024,14.551495146896594,power
120.99412103510522,14.55043750808927,home
120.9940021160438,14.549062173975814,briefcase
120.99284686790264,14.562178652296724,home
120.99285313443845,14.559702477682169,power
120.9935295713648,14.55798814438776,heart
120.99429637700838,14.559748195984026,home
120.9945992288201,14.556462677937931,home
120.99513335194197,14.55430680122395,power
120.9957483918454,14.55207145652729,heart
120.98868374296391,14.55790750124955,support
120.99620630665497,14.550238353721621,power
120.99499059952733,14.56229422877694,power
120.99618239010175,14.563026131892176,heart
120.99725776443313,14.562670724984553,home
120.99589065078615,14.559561280999,heart
120.99692195631623,14.560565589676457,power
120.99804931066858,14.55937154358724,power
120.9965660146425,14.557229148712402,home
120.9976195445093,14.558241379657245,briefcase
120.99683567695446,14.55562923339014,home
120.9889260001709,14.557217021992034,briefcase
120.99825677631209,14.55618651634764,home
120.99924013467769,14.555658002716301,support
120.99747380497372,14.55462308827379,heart
120.99865562180595,14.554961777871156,briefcase
120.99979353157714,14.554237810062366,power
120.99780649228911,14.553371407674463,power
120.99915191168515,14.553628194453761,support
121.00011420247966,14.55319949002629,support
120.99807100115397,14.552183924023183,power
120.99841466169585,14.550654638369721,heart
120.98915977653108,14.556773006152422,power
120.99978692835623,14.551545975098428,briefcase
121.00050954992503,14.552452218893405,support
121.00094463585421,14.553372702233174,briefcase
121.00083652967061,14.552020122268106,power
121.00096235196446,14.551466003550255,power
121.00217966119884,14.552546860030988,heart
121.00179097756,14.550808240727491,briefcase
121.00365025655957,14.552137669369875,briefcase
120.99382106886475,14.547886868988709,heart
120.9949797511167,14.548494725625453,home
120.98928740497395,14.556077475207536,briefcase
120.9945421590383,14.546092405371569,power
120.99540513968459,14.547475448620872,support
120.99599714460082,14.545828700081433,home
120.99524615876494,14.543413508134027,briefcase
120.99658759584975,14.543586909395644,heart
120.99626926771921,14.540591637099267,support
120.98709174509635,14.54024248664501,heart
120.9968267767478,14.538342598552527,home
120.99677594235135,14.536722473599815,support
120.99861232671762,14.538980949218436,support
120.98954662394618,14.55532881846821,power
120.99823020818785,14.540768118275405,home
120.99792038030638,14.542270538418828,support
120.99857409090576,14.542372777668994,briefcase
120.99940300307522,14.540801384496191,briefcase
120.99914638273937,14.542360740242762,power
120.99798596702703,14.543701345388746,power
120.99784722352862,14.544722779893107,support
120.9980194082397,14.5458128125383,heart
120.99668915202876,14.546558238277006,heart
120.99767759448143,14.547087360306762,briefcase
120.98979179068542,14.55476081340419,briefcase
120.99746738564784,14.547759689565847,home
120.99672763750306,14.548197880950495,heart
120.99673266864781,14.548966164998976,home
120.99847135509363,14.547507614864612,support
120.99896651624819,14.547635421951448,heart
120.99936354946196,14.548812958482431,home
120.9998383973712,14.54637202114192,briefcase
120.99994639570282,14.54296996052921,briefcase
121.00141887177006,14.541051776265428,briefcase
121.00131101274616,14.54272646173006,briefcase
120.98432005225592,14.552838566399565,home
121.06812444436846,14.567332094385717,home
121.0738788575859,14.559666315858932,home
121.07923149393213,14.556317509654452,power
121.0662253258667,14.556351165153242,briefcase
121.08276418169618,14.571756860601417,support
121.09936800668575,14.615356591897084,heart
121.08895343861671,14.549222105786857,briefcase
121.07382947353494,14.564353677911592,power
121.05846864347343,14.572126258812359,briefcase
121.07960248383503,14.55907215611178,support
121.09677767481084,14.600037860249975,power
121.08921535048344,14.57785404562774,home
121.06340508167723,14.576716410611898,home
121.08481144548325,14.564771470367484,power
121.09103764637017,14.557562503017236,heart
121.05639549422828,14.567969880313612,heart
121.08735657388999,14.587826515190407,power
121.07779732213723,14.566447221280507,home
121.05921332710088,14.583134625344469,power
121.07470421677161,14.553351489695888,support
121.07289198624488,14.5613455254189,support
121.08806174130892,14.56681091633506,power
121.08033552584881,14.561546810450308,home
121.08048755701881,14.563602997468792,power
121.10019158219488,14.583779791565373,home
121.06941130128698,14.558967953604599,home
121.08001925169964,14.564946470764811,support
121.08447165067673,14.615226095309875,heart
121.07280945355737,14.557358651961906,support
121.07154095858144,14.584391879747088,support
121.06316455208555,14.544032061181571,power
121.07064212218448,14.549403477561826,power
121.06599610265751,14.540701079198932,power
121.06585540963533,14.545851768877128,power
121.06668615304515,14.548129600450284,briefcase
121.06795700197688,14.543309970006009,heart
121.07158549632597,14.545496212291148,power
121.0680149133206,14.55332644459412,briefcase
121.0736665673489,14.550634734196956,power
121.06651313703853,14.551368637490945,heart
121.02301053124826,14.660309679274858,heart
121.06640158746762,14.631865821447262,power
121.00587782061224,14.654673494159603,home
121.00594521958398,14.616437214228304,home
121.01026451705737,14.668135268596666,heart
121.03861979302425,14.6933737048292,home
121.04855722425187,14.610696553963848,briefcase
121.03217252672134,14.658808714974246,power
121.10895438342386,14.70660504018377,briefcase
121.07899929923167,14.606839702222699,briefcase
121.06313412213524,14.624885641146525,home
121.02745409453274,14.666056722668465,briefcase
120.99882026240248,14.650766224162787,heart
121.00141225518902,14.666039398531455,support
121.09787661047646,14.682839534361403,support
121.06745474657714,14.615414539726734,power
121.07144483409259,14.618979059620404,home
121.07363815393525,14.617907743826771,support
121.06297358021975,14.637297127815737,support
121.022510046205,14.649252682321881,heart
121.0616537585171,14.607492769960224,heart
121.03350546877424,14.711742497045984,support
121.04923747104142,14.64222887797403,heart
121.06254525006959,14.631173011585684,briefcase
121.08891110378472,14.703997887441556,support
121.08538985500428,14.69335907489681,home
121.05398521759567,14.666348997030239,support
120.99752661187894,14.646202327626407,support
121.01096134565225,14.637433399666845,support
121.02035739060055,14.616071659394425,heart
121.01254089647486,14.642995508474202,power
121.06277663470125,14.619394299721368,briefcase
121.00219339881501,14.61660153171621,power
121.01375266738941,14.614211104984244,power
121.00347765736093,14.620065589804815,power
121.06451090633271,14.630085333197812,heart
121.04985101244219,14.62598244296502,power
121.0533892974615,14.631626441777868,home
121.07109756890338,14.625450384427003,home
121.07223865809328,14.625757792547182,home
121.0696051584939,14.630465610065633,briefcase
121.07337910446971,14.63165206692421,home
121.07141483457869,14.699966678951737,power
121.04505789876956,14.707317724876463,support
121.07856848092254,14.682801476825732,heart
121.03976935952643,14.61275491282614,heart
121.04191798213421,14.62206657987044,support
121.05230991592758,14.72961580605355,heart
121.01887286648883,14.622831047583231,heart
121.03729509012568,14.62742431678441,home
121.01500110786914,14.655379099635672,briefcase
121.04162375631404,14.616821531625936,briefcase
121.02869383786165,14.624593639688232,home
121.06074446020652,14.645751012012557,power
121.0280249797035,14.632027394474244,power
121.07455722748126,14.615999169864155,heart
120.99871039938998,14.62570589953165,support
121.0726848395243,14.63951069611108,power
120.99326419568038,14.633149383355793,power
121.05388785072921,14.635255624242133,power
121.05991998122366,14.62532947744821,home
120.99736816464882,14.641067387434994,power
121.03066046175383,14.618839867956327,briefcase
121.01290592222058,14.634272246534168,briefcase
121.06791189039721,14.62527522628848,home
121.06473675016613,14.618379019682967,power
121.005705284127,14.64162737676803,support
121.00440299158893,14.629506951948816,support
121.08337806752934,14.667243802197648,power
121.06771800678544,14.62048034472833,heart
120.99009996182875,14.632056875074312,home
121.03147348293203,14.715348574989683,heart
121.02231414880688,14.63955932835254,home
121.0433362921426,14.715477762804793,support
121.02711104264102,14.627893585976805,heart
121.05105110931419,14.649263777269265,power
120.98855502846699,14.62783504116789,support
120.9936907591446,14.646783209700043,support
121.01999709276055,14.631950070637874,heart
121.02049111659865,14.642945885004899,heart
121.07856583218364,14.650434731617064,briefcase
121.01470439356831,14.637431265657145,power
121.09018948600765,14.72929371012563,heart
121.05951732804918,14.67886348719187,briefcase
121.10504605224553,14.715077497842545,support
121.02897232639606,14.648567602356096,power
121.04184810406919,14.62562204229037,support
121.04492951835515,14.639482255414276,heart
121.03871071475696,14.658105009499568,support
121.05678035548934,14.630027416197784,heart
121.05973477416923,14.631901206562349,heart
121.06118258793224,14.634063594525335,support
121.06405686035951,14.628700738363248,briefcase
121.021157867685,14.658103505126258,home
121.01898859867795,14.627314049985658,briefcase
121.0364171890875,14.630961483111085,heart
121.07078001440466,14.61294452664309,support
120.99636789083408,14.634694099735949,heart
120.99059088237654,14.626335072730159,briefcase
121.04185920984858,14.723590880151432,power
121.01442011949189,14.649588285752818,briefcase
121.03305318703629,14.701194591770381,support
120.99275700944486,14.623757119045194,home
121.00506562287897,14.61326288556275,briefcase
120.99020452453128,14.640262532263291,home
121.04744371208838,14.617373404736593,briefcase
121.05998857340352,14.619012346432148,home
121.05482558272539,14.651982531887468,home
121.01801355303284,14.672441949012601,support
121.01777151957631,14.635177340459544,briefcase
121.0560397909828,14.703595679167181,home
121.05235230150117,14.713652761553666,power
120.9968644037331,14.620612977481816,home
121.0274954899797,14.658942413039362,home
121.00868111541277,14.611392490327017,power
121.01223897377199,14.61101230222655,heart
121.0474605811116,14.691421860485988,briefcase
121.00115170994289,14.636092631040784,heart
121.05723736914268,14.637554759015186,support
121.05669856043505,14.627170204704548,power
121.05418338351976,14.617418003504234,power
121.0337855669305,14.637303866514706,support
121.06169213895585,14.62179727996527,power
121.00810491759769,14.63443660113993,home
121.02499833203584,14.683607014849006,home
121.04082680915633,14.67993714891042,home
121.0107529676544,14.623449813995787,home
121.05437962072592,14.641914291016336,briefcase
121.05727364516729,14.643340529751997,home
121.06309689594254,14.653998305949512,power
121.05447854017486,14.647818342463331,heart
121.06879914855219,14.596821680700868,heart
120.99902396517427,14.658312234149452,heart
121.03404858422962,14.610881113163899,briefcase
121.04499555804641,14.655730746479854,briefcase
121.02192306052096,14.653842017053485,home
121.06671744330822,14.616532224228912,briefcase
121.04653191607852,14.629840564533074,power
121.02893726349149,14.642352004783536,heart
121.07065718589547,14.606538853711513,power
121.02273617631101,14.609019795295596,power
121.02270353583722,14.600529064206594,support
121.02818427317973,14.606555671592021,home
121.02736730030196,14.611518347774409,power
121.04276401022157,14.601346612734385,heart
121.02964028578013,14.603589278995898,power
121.02800045998724,14.603314179421096,briefcase
121.02730971326066,14.59772706886414,heart
121.0351154038322,14.602194884867972,support
121.03189354817951,14.595558698584425,home
121.0293979202608,14.60150345780954,home
121.03129115195395,14.608345974627534,heart
121.02314450415642,14.605705240863552,power
121.01614240476242,14.605058884594197,home
121.01797545782277,14.6072451741796,heart
121.02171578555975,14.611560248588574,heart
121.01935744420264,14.60444034134886,support
121.0321075788218,14.598967783650977,support
121.02632563063213,14.60169653158154,heart
121.046287737773,14.607214359709623,power
121.04780946774481,14.477788779315194,home
121.05533179221857,14.477679336847213,briefcase
121.06628728484144,14.525621613089436,heart
121.08342876897831,14.52861031978919,heart
121.06682703390409,14.517257464269944,home
121.08318017695414,14.542395183693682,power
121.07811787382687,14.543969755504506,support
121.0608058474424,14.501094397567213,heart
121.0540316302531,14.498965564996476,heart
121.09549493021956,14.535578986264666,briefcase
121.08647118476625,14.533098641470339,briefcase
121.08292123065686,14.520849154777746,briefcase
121.05500900405346,14.50927785294733,briefcase
121.07019177298928,14.53103456888087,support
121.0522635273411,14.492438402405952,heart
121.06824433897839,14.536311130138738,briefcase
121.08015081465096,14.516628140398563,home
121.04131117315733,14.514213057579733,power
120.94966957138656,14.70771010988936,home
121.01137483356229,14.705811567225345,power
120.94259387198441,14.717610007343094,support
121.00703304761161,14.735243661577387,heart
120.94744657697386,14.717291902558033,support
120.99420782266078,14.707952594831902,home
120.9502413506594,14.726034908491991,briefcase
120.96178184700997,14.704452316096186,home
120.99275371390812,14.685230942643974,support
120.95140908953418,14.71061250518319,briefcase
120.97295523049145,14.688698848219998,briefcase
121.00072426024799,14.718807483936224,support
120.98288012283197,14.708439831842771,support
120.95191662108878,14.713990322643307,heart
120.9607258037666,14.719598451236127,home
120.96291862045933,14.690847564361372,power
121.005641903471,14.699007277035292,home
120.98103479749015,14.676466116940764,support
120.97851122678927,14.698024343719574,briefcase
120.94877681683425,14.709603425422644,power
120.99804184560207,14.693451471959621,briefcase
120.946501883895,14.710794217067185,briefcase
120.99610840023841,14.700202713579689,power
120.95562143336997,14.710764916786367,home
120.94845722000309,14.711435117544687,heart
120.94923077668169,14.711119753726468,home
120.99823244430357,14.727495710524169,power
120.95558749118457,14.703512349724285,heart
120.94302004005915,14.725078417004427,heart
121.01431617247398,14.691745091293086,power
120.97263736193658,14.708497396129562,home
120.93680334707092,14.726783149317127,heart
